number_dept,province,Muni_code
AMAZONAS,AMAZONAS,91263
AMAZONAS,AMAZONAS,91405
AMAZONAS,AMAZONAS,91407
AMAZONAS,AMAZONAS,91430
AMAZONAS,AMAZONAS,91001
AMAZONAS,AMAZONAS,91460
AMAZONAS,AMAZONAS,91530
AMAZONAS,AMAZONAS,91536
AMAZONAS,AMAZONAS,91540
AMAZONAS,AMAZONAS,91669
AMAZONAS,AMAZONAS,91798
ANTIOQUIA,BAJO CAUCA,05120
ANTIOQUIA,BAJO CAUCA,05154
ANTIOQUIA,BAJO CAUCA,05250
ANTIOQUIA,BAJO CAUCA,5495
ANTIOQUIA,BAJO CAUCA,05790
ANTIOQUIA,BAJO CAUCA,05895
ANTIOQUIA,MAGDALENA MEDIO,05142
ANTIOQUIA,MAGDALENA MEDIO,05425
ANTIOQUIA,MAGDALENA MEDIO,05579
ANTIOQUIA,MAGDALENA MEDIO,5585
ANTIOQUIA,MAGDALENA MEDIO,05591
ANTIOQUIA,MAGDALENA MEDIO,05893
ANTIOQUIA,NORDESTE,05031
ANTIOQUIA,NORDESTE,05040
ANTIOQUIA,NORDESTE,05190
ANTIOQUIA,NORDESTE,05604
ANTIOQUIA,NORDESTE,05670
ANTIOQUIA,NORDESTE,5690
ANTIOQUIA,NORDESTE,05736
ANTIOQUIA,NORDESTE,05858
ANTIOQUIA,NORDESTE,05885
ANTIOQUIA,NORDESTE,05890
ANTIOQUIA,NORTE,05038
ANTIOQUIA,NORTE,05086
ANTIOQUIA,NORTE,05107
ANTIOQUIA,NORTE,05134
ANTIOQUIA,NORTE,05150
ANTIOQUIA,NORTE,05237
ANTIOQUIA,NORTE,05264
ANTIOQUIA,NORTE,05310
ANTIOQUIA,NORTE,05315
ANTIOQUIA,NORTE,05361
ANTIOQUIA,NORTE,05647
ANTIOQUIA,NORTE,05658
ANTIOQUIA,NORTE,05664
ANTIOQUIA,NORTE,05686
ANTIOQUIA,NORTE,05819
ANTIOQUIA,NORTE,05854
ANTIOQUIA,NORTE,05887
ANTIOQUIA,OCCIDENTE,05004
ANTIOQUIA,OCCIDENTE,05044
ANTIOQUIA,OCCIDENTE,05059
ANTIOQUIA,OCCIDENTE,05113
ANTIOQUIA,OCCIDENTE,05138
ANTIOQUIA,OCCIDENTE,05234
ANTIOQUIA,OCCIDENTE,05240
ANTIOQUIA,OCCIDENTE,05284
ANTIOQUIA,OCCIDENTE,05306
ANTIOQUIA,OCCIDENTE,5347
ANTIOQUIA,OCCIDENTE,05411
ANTIOQUIA,OCCIDENTE,05501
ANTIOQUIA,OCCIDENTE,05543
ANTIOQUIA,OCCIDENTE,05628
ANTIOQUIA,OCCIDENTE,05656
ANTIOQUIA,OCCIDENTE,05042
ANTIOQUIA,OCCIDENTE,05761
ANTIOQUIA,OCCIDENTE,05842
ANTIOQUIA,ORIENTE,05002
ANTIOQUIA,ORIENTE,05021
ANTIOQUIA,ORIENTE,05055
ANTIOQUIA,ORIENTE,05148
ANTIOQUIA,ORIENTE,05197
ANTIOQUIA,ORIENTE,05206
ANTIOQUIA,ORIENTE,05313
ANTIOQUIA,ORIENTE,05318
ANTIOQUIA,ORIENTE,05321
ANTIOQUIA,ORIENTE,05376
ANTIOQUIA,ORIENTE,05400
ANTIOQUIA,ORIENTE,05440
ANTIOQUIA,ORIENTE,05483
ANTIOQUIA,ORIENTE,05541
ANTIOQUIA,ORIENTE,05607
ANTIOQUIA,ORIENTE,05615
ANTIOQUIA,ORIENTE,05649
ANTIOQUIA,ORIENTE,05652
ANTIOQUIA,ORIENTE,05660
ANTIOQUIA,ORIENTE,05667
ANTIOQUIA,ORIENTE,05674
ANTIOQUIA,ORIENTE,05697
ANTIOQUIA,ORIENTE,05756
ANTIOQUIA,SUROESTE,05030
ANTIOQUIA,SUROESTE,05034
ANTIOQUIA,SUROESTE,05036
ANTIOQUIA,SUROESTE,05091
ANTIOQUIA,SUROESTE,05093
ANTIOQUIA,SUROESTE,05125
ANTIOQUIA,SUROESTE,05145
ANTIOQUIA,SUROESTE,05101
ANTIOQUIA,SUROESTE,05209
ANTIOQUIA,SUROESTE,05282
ANTIOQUIA,SUROESTE,05353
ANTIOQUIA,SUROESTE,05364
ANTIOQUIA,SUROESTE,5368
ANTIOQUIA,SUROESTE,05390
ANTIOQUIA,SUROESTE,05467
ANTIOQUIA,SUROESTE,05576
ANTIOQUIA,SUROESTE,05642
ANTIOQUIA,SUROESTE,05679
ANTIOQUIA,SUROESTE,05789
ANTIOQUIA,SUROESTE,05792
ANTIOQUIA,SUROESTE,05809
ANTIOQUIA,SUROESTE,05847
ANTIOQUIA,SUROESTE,05856
ANTIOQUIA,SUROESTE,05861
ANTIOQUIA,URABA,05045
ANTIOQUIA,URABA,05051
ANTIOQUIA,URABA,05147
ANTIOQUIA,URABA,05172
ANTIOQUIA,URABA,05475
ANTIOQUIA,URABA,05480
ANTIOQUIA,URABA,05490
ANTIOQUIA,URABA,05659
ANTIOQUIA,URABA,05665
ANTIOQUIA,URABA,05837
ANTIOQUIA,URABA,05873
ANTIOQUIA,VALLE DEL ABURRA,05079
ANTIOQUIA,VALLE DEL ABURRA,05088
ANTIOQUIA,VALLE DEL ABURRA,05129
ANTIOQUIA,VALLE DEL ABURRA,05212
ANTIOQUIA,VALLE DEL ABURRA,05266
ANTIOQUIA,VALLE DEL ABURRA,5308
ANTIOQUIA,VALLE DEL ABURRA,05360
ANTIOQUIA,VALLE DEL ABURRA,05380
ANTIOQUIA,VALLE DEL ABURRA,05001
ANTIOQUIA,VALLE DEL ABURRA,05631
ARAUCA,ARAUCA,81001
ARAUCA,ARAUCA,81065
ARAUCA,ARAUCA,81220
ARAUCA,ARAUCA,81300
ARAUCA,ARAUCA,81591
ARAUCA,ARAUCA,81736
ARAUCA,ARAUCA,81794
ARCHIPIELAGO DE S,ARCHIPIELAGO DE S A,88564
ARCHIPIELAGO DE S,ARCHIPIELAGO DE S A,88001
ATLÁNTICO,NORTE,08001
ATLÁNTICO,NORTE,08296
ATLÁNTICO,NORTE,08433
ATLÁNTICO,NORTE,08573
ATLÁNTICO,NORTE,08758
ATLÁNTICO,SUR,08137
ATLÁNTICO,SUR,08141
ATLÁNTICO,SUR,08421
ATLÁNTICO,SUR,08436
ATLÁNTICO,SUR,08606
ATLÁNTICO,SUR,08675
ATLÁNTICO,SUR,08770
ATLÁNTICO,CENTRO ORIENTE,08078
ATLÁNTICO,CENTRO ORIENTE,08520
ATLÁNTICO,CENTRO ORIENTE,08558
ATLÁNTICO,CENTRO ORIENTE,08560
ATLÁNTICO,CENTRO ORIENTE,08634
ATLÁNTICO,CENTRO ORIENTE,08638
ATLÁNTICO,CENTRO ORIENTE,08685
ATLÁNTICO,OCCIDENTAL,08372
ATLÁNTICO,OCCIDENTAL,08549
ATLÁNTICO,OCCIDENTAL,8832
ATLÁNTICO,OCCIDENTAL,08849
BOGOTÁ D.C.,BOGOTA,11001
BOLIVAR,DEPRESION MOMPOSINA,13188
BOLIVAR,DEPRESION MOMPOSINA,13300
BOLIVAR,DEPRESION MOMPOSINA,13440
BOLIVAR,DEPRESION MOMPOSINA,13468
BOLIVAR,DEPRESION MOMPOSINA,13650
BOLIVAR,DEPRESION MOMPOSINA,13780
BOLIVAR,DIQUE BOLIVARENSE,13052
BOLIVAR,DIQUE BOLIVARENSE,13062
BOLIVAR,DIQUE BOLIVARENSE,13140
BOLIVAR,DIQUE BOLIVARENSE,13001
BOLIVAR,DIQUE BOLIVARENSE,13222
BOLIVAR,DIQUE BOLIVARENSE,13433
BOLIVAR,DIQUE BOLIVARENSE,13620
BOLIVAR,DIQUE BOLIVARENSE,13647
BOLIVAR,DIQUE BOLIVARENSE,13673
BOLIVAR,DIQUE BOLIVARENSE,13683
BOLIVAR,DIQUE BOLIVARENSE,13760
BOLIVAR,DIQUE BOLIVARENSE,13836
BOLIVAR,DIQUE BOLIVARENSE,13838
BOLIVAR,DIQUE BOLIVARENSE,13873
BOLIVAR,LOBA,13030
BOLIVAR,LOBA,13074
BOLIVAR,LOBA,13268
BOLIVAR,LOBA,13580
BOLIVAR,LOBA,13600
BOLIVAR,LOBA,13667
BOLIVAR,MAGDALENA MEDIO BOLIVARENSE,13042
BOLIVAR,MAGDALENA MEDIO BOLIVARENSE,13160
BOLIVAR,MAGDALENA MEDIO BOLIVARENSE,13473
BOLIVAR,MAGDALENA MEDIO BOLIVARENSE,13670
BOLIVAR,MAGDALENA MEDIO BOLIVARENSE,13688
BOLIVAR,MAGDALENA MEDIO BOLIVARENSE,13744
BOLIVAR,MOJANA BOLIVARENSE,13006
BOLIVAR,MOJANA BOLIVARENSE,13430
BOLIVAR,MOJANA BOLIVARENSE,13458
BOLIVAR,MOJANA BOLIVARENSE,13549
BOLIVAR,MOJANA BOLIVARENSE,13655
BOLIVAR,MOJANA BOLIVARENSE,13810
BOLIVAR,MONTES DE MARIA,13244
BOLIVAR,MONTES DE MARIA,13212
BOLIVAR,MONTES DE MARIA,13248
BOLIVAR,MONTES DE MARIA,13442
BOLIVAR,MONTES DE MARIA,13654
BOLIVAR,MONTES DE MARIA,13657
BOLIVAR,MONTES DE MARIA,13894
BOYACÁ,CENTRO,15232
BOYACÁ,CENTRO,15187
BOYACÁ,CENTRO,15204
BOYACÁ,CENTRO,15224
BOYACÁ,CENTRO,15476
BOYACÁ,CENTRO,15500
BOYACÁ,CENTRO,15646
BOYACÁ,CENTRO,15740
BOYACÁ,CENTRO,15762
BOYACÁ,CENTRO,15764
BOYACÁ,CENTRO,15763
BOYACÁ,CENTRO,15814
BOYACÁ,CENTRO,15001
BOYACÁ,CENTRO,15837
BOYACÁ,CENTRO,15861
BOYACÁ,GUTIERREZ,15180
BOYACÁ,GUTIERREZ,15223
BOYACÁ,GUTIERREZ,15244
BOYACÁ,GUTIERREZ,15248
BOYACÁ,GUTIERREZ,15317
BOYACÁ,GUTIERREZ,15332
BOYACÁ,GUTIERREZ,15522
BOYACÁ,LA LIBERTAD,15377
BOYACÁ,LA LIBERTAD,15518
BOYACÁ,LA LIBERTAD,15533
BOYACÁ,LA LIBERTAD,15550
BOYACÁ,LENGUPA,15090
BOYACÁ,LENGUPA,15135
BOYACÁ,LENGUPA,15455
BOYACÁ,LENGUPA,15514
BOYACÁ,LENGUPA,15660
BOYACÁ,LENGUPA,15897
BOYACÁ,MARQUEZ,15104
BOYACÁ,MARQUEZ,15189
BOYACÁ,MARQUEZ,15367
BOYACÁ,MARQUEZ,15494
BOYACÁ,MARQUEZ,15599
BOYACÁ,MARQUEZ,15621
BOYACÁ,MARQUEZ,15804
BOYACÁ,MARQUEZ,15835
BOYACÁ,MARQUEZ,15842
BOYACÁ,MARQUEZ,15879
BOYACÁ,NEIRA,15172
BOYACÁ,NEIRA,15299
BOYACÁ,NEIRA,15425
BOYACÁ,NEIRA,15511
BOYACÁ,NEIRA,15667
BOYACÁ,NEIRA,15690
BOYACÁ,NORTE,15097
BOYACÁ,NORTE,15218
BOYACÁ,NORTE,15403
BOYACÁ,NORTE,15673
BOYACÁ,NORTE,15720
BOYACÁ,NORTE,15723
BOYACÁ,NORTE,15753
BOYACÁ,NORTE,15774
BOYACÁ,NORTE,15810
BOYACÁ,OCCIDENTE,15106
BOYACÁ,OCCIDENTE,15109
BOYACÁ,OCCIDENTE,15131
BOYACÁ,OCCIDENTE,15176
BOYACÁ,OCCIDENTE,15212
BOYACÁ,OCCIDENTE,15401
BOYACÁ,OCCIDENTE,15442
BOYACÁ,OCCIDENTE,15480
BOYACÁ,OCCIDENTE,15507
BOYACÁ,OCCIDENTE,15531
BOYACÁ,OCCIDENTE,15572
BOYACÁ,OCCIDENTE,15580
BOYACÁ,OCCIDENTE,15632
BOYACÁ,OCCIDENTE,15676
BOYACÁ,OCCIDENTE,15681
BOYACÁ,OCCIDENTE,15832
BOYACÁ,ORIENTE,15022
BOYACÁ,ORIENTE,15236
BOYACÁ,ORIENTE,15322
BOYACÁ,ORIENTE,15325
BOYACÁ,ORIENTE,15380
BOYACÁ,ORIENTE,15761
BOYACÁ,ORIENTE,15778
BOYACÁ,ORIENTE,15798
BOYACÁ,RICAURTE,15051
BOYACÁ,RICAURTE,15185
BOYACÁ,RICAURTE,15293
BOYACÁ,RICAURTE,15469
BOYACÁ,RICAURTE,15600
BOYACÁ,RICAURTE,15638
BOYACÁ,RICAURTE,15664
BOYACÁ,RICAURTE,15696
BOYACÁ,RICAURTE,15686
BOYACÁ,RICAURTE,15776
BOYACÁ,RICAURTE,15808
BOYACÁ,RICAURTE,15816
BOYACÁ,RICAURTE,15407
BOYACÁ,SUGAMUXI,15047
BOYACÁ,SUGAMUXI,15226
BOYACÁ,SUGAMUXI,15272
BOYACÁ,SUGAMUXI,15296
BOYACÁ,SUGAMUXI,15362
BOYACÁ,SUGAMUXI,15464
BOYACÁ,SUGAMUXI,15466
BOYACÁ,SUGAMUXI,15491
BOYACÁ,SUGAMUXI,15542
BOYACÁ,SUGAMUXI,15759
BOYACÁ,SUGAMUXI,15806
BOYACÁ,SUGAMUXI,15820
BOYACÁ,SUGAMUXI,15822
BOYACÁ,TUNDAMA,15087
BOYACÁ,TUNDAMA,15114
BOYACÁ,TUNDAMA,15162
BOYACÁ,TUNDAMA,15215
BOYACÁ,TUNDAMA,15238
BOYACÁ,TUNDAMA,15276
BOYACÁ,TUNDAMA,15516
BOYACÁ,TUNDAMA,15693
BOYACÁ,TUNDAMA,15839
BOYACÁ,VALDERRAMA,15092
BOYACÁ,VALDERRAMA,15183
BOYACÁ,VALDERRAMA,15368
BOYACÁ,VALDERRAMA,15537
BOYACÁ,VALDERRAMA,15757
BOYACÁ,VALDERRAMA,15755
BOYACÁ,VALDERRAMA,15790
CALDAS,ALTO OCCIDENTE,17272
CALDAS,ALTO OCCIDENTE,17388
CALDAS,ALTO OCCIDENTE,17442
CALDAS,ALTO OCCIDENTE,17614
CALDAS,ALTO OCCIDENTE,17777
CALDAS,ALTO ORIENTE,17433
CALDAS,ALTO ORIENTE,17444
CALDAS,ALTO ORIENTE,17446
CALDAS,ALTO ORIENTE,17541
CALDAS,BAJO OCCIDENTE,17042
CALDAS,BAJO OCCIDENTE,17088
CALDAS,BAJO OCCIDENTE,17616
CALDAS,BAJO OCCIDENTE,17665
CALDAS,BAJO OCCIDENTE,17877
CALDAS,CENTRO,17174
CALDAS,CENTRO,17001
CALDAS,CENTRO,17486
CALDAS,CENTRO,17524
CALDAS,CENTRO,17873
CALDAS,NORTE,17013
CALDAS,NORTE,17050
CALDAS,NORTE,17513
CALDAS,NORTE,17653
CALDAS,ORIENTE,17380
CALDAS,ORIENTE,17495
CALDAS,ORIENTE,17662
CALDAS,ORIENTE,17867
CAQUETA,CAQUETA,18029
CAQUETA,CAQUETA,18094
CAQUETA,CAQUETA,18150
CAQUETA,CAQUETA,18205
CAQUETA,CAQUETA,18247
CAQUETA,CAQUETA,18256
CAQUETA,CAQUETA,18001
CAQUETA,CAQUETA,18410
CAQUETA,CAQUETA,18460
CAQUETA,CAQUETA,18479
CAQUETA,CAQUETA,18592
CAQUETA,CAQUETA,18610
CAQUETA,CAQUETA,18753
CAQUETA,CAQUETA,18756
CAQUETA,CAQUETA,18785
CAQUETA,CAQUETA,18860
CASANARE,CASANARE,85010
CASANARE,CASANARE,85015
CASANARE,CASANARE,85125
CASANARE,CASANARE,85136
CASANARE,CASANARE,85139
CASANARE,CASANARE,85162
CASANARE,CASANARE,85225
CASANARE,CASANARE,85230
CASANARE,CASANARE,85250
CASANARE,CASANARE,85263
CASANARE,CASANARE,85279
CASANARE,CASANARE,85300
CASANARE,CASANARE,85315
CASANARE,CASANARE,85325
CASANARE,CASANARE,85400
CASANARE,CASANARE,85410
CASANARE,CASANARE,85430
CASANARE,CASANARE,85440
CASANARE,CASANARE,85001
CAUCA,CENTRO,19130
CAUCA,CENTRO,19256
CAUCA,CENTRO,19392
CAUCA,CENTRO,19473
CAUCA,CENTRO,19548
CAUCA,CENTRO,19001
CAUCA,CENTRO,19622
CAUCA,CENTRO,19760
CAUCA,CENTRO,19807
CAUCA,NORTE,19110
CAUCA,NORTE,19142
CAUCA,NORTE,19212
CAUCA,NORTE,19455
CAUCA,NORTE,19513
CAUCA,NORTE,19573
CAUCA,NORTE,19698
CAUCA,NORTE,19780
CAUCA,NORTE,19845
CAUCA,OCCIDENTE,19318
CAUCA,OCCIDENTE,19418
CAUCA,OCCIDENTE,19809
CAUCA,ORIENTE,19137
CAUCA,ORIENTE,19355
CAUCA,ORIENTE,19364
CAUCA,ORIENTE,19517
CAUCA,ORIENTE,19585
CAUCA,ORIENTE,19743
CAUCA,ORIENTE,19821
CAUCA,ORIENTE,19824
CAUCA,SUR,19022
CAUCA,SUR,19050
CAUCA,SUR,19075
CAUCA,SUR,19100
CAUCA,SUR,19290
CAUCA,SUR,19397
CAUCA,SUR,19450
CAUCA,SUR,19532
CAUCA,SUR,19533
CAUCA,SUR,19693
CAUCA,SUR,19701
CAUCA,SUR,19785
CESAR,CENTRAL,20045
CESAR,CENTRAL,20175
CESAR,CENTRAL,20178
CESAR,CENTRAL,20228
CESAR,CENTRAL,20400
CESAR,CENTRAL,20517
CESAR,CENTRAL,20787
CESAR,NOROCCIDENTAL,20032
CESAR,NOROCCIDENTAL,20060
CESAR,NOROCCIDENTAL,20238
CESAR,NOROCCIDENTAL,20250
CESAR,NORTE,20013
CESAR,NORTE,20621
CESAR,NORTE,20443
CESAR,NORTE,20570
CESAR,NORTE,20750
CESAR,NORTE,20001
CESAR,SUR,20011
CESAR,SUR,20295
CESAR,SUR,20310
CESAR,SUR,20383
CESAR,SUR,20550
CESAR,SUR,20614
CESAR,SUR,20710
CESAR,SUR,20770
CHOCO,ATRATO,27050
CHOCO,ATRATO,27073
CHOCO,ATRATO,27099
CHOCO,ATRATO,27245
CHOCO,ATRATO,27413
CHOCO,ATRATO,27425
CHOCO,ATRATO,27001
CHOCO,ATRATO,27600
CHOCO,DARIEN,27006
CHOCO,DARIEN,27086
CHOCO,DARIEN,27150
CHOCO,DARIEN,27615
CHOCO,DARIEN,27800
CHOCO,PACIFICO NORTE,27075
CHOCO,PACIFICO NORTE,27372
CHOCO,PACIFICO NORTE,27495
CHOCO,PACIFICO SUR,27025
CHOCO,PACIFICO SUR,27077
CHOCO,PACIFICO SUR,27250
CHOCO,PACIFICO SUR,27430
CHOCO,SAN JUAN,27135
CHOCO,SAN JUAN,27160
CHOCO,SAN JUAN,27205
CHOCO,SAN JUAN,27361
CHOCO,SAN JUAN,27450
CHOCO,SAN JUAN,27491
CHOCO,SAN JUAN,27580
CHOCO,SAN JUAN,27660
CHOCO,SAN JUAN,27745
CHOCO,SAN JUAN,27787
CHOCO,SAN JUAN,27810
CORDOBA,ALTO SINU,23807
CORDOBA,ALTO SINU,23855
CORDOBA,BAJO SINU,23168
CORDOBA,BAJO SINU,23300
CORDOBA,BAJO SINU,23417
CORDOBA,BAJO SINU,23464
CORDOBA,BAJO SINU,23586
CORDOBA,CENTRO,23001
CORDOBA,COSTANERA,23090
CORDOBA,COSTANERA,23419
CORDOBA,COSTANERA,23500
CORDOBA,COSTANERA,23574
CORDOBA,COSTANERA,23672
CORDOBA,COSTANERA,23675
CORDOBA,SABANAS,23182
CORDOBA,SABANAS,23660
CORDOBA,SABANAS,23670
CORDOBA,SAN JORGE,23068
CORDOBA,SAN JORGE,23079
CORDOBA,SAN JORGE,23350
CORDOBA,SAN JORGE,23466
CORDOBA,SAN JORGE,23555
CORDOBA,SAN JORGE,23570
CORDOBA,SAN JORGE,23580
CORDOBA,SINU MEDIO,23162
CORDOBA,SINU MEDIO,23189
CORDOBA,SINU MEDIO,23678
CORDOBA,SINU MEDIO,23686
CUNDINAMARCA,ALMEIDAS,25183
CUNDINAMARCA,ALMEIDAS,25426
CUNDINAMARCA,ALMEIDAS,25436
CUNDINAMARCA,ALMEIDAS,25736
CUNDINAMARCA,ALMEIDAS,25772
CUNDINAMARCA,ALMEIDAS,25807
CUNDINAMARCA,ALMEIDAS,25873
CUNDINAMARCA,ALTO MAGDALENA,25001
CUNDINAMARCA,ALTO MAGDALENA,25307
CUNDINAMARCA,ALTO MAGDALENA,25324
CUNDINAMARCA,ALTO MAGDALENA,25368
CUNDINAMARCA,ALTO MAGDALENA,25483
CUNDINAMARCA,ALTO MAGDALENA,25488
CUNDINAMARCA,ALTO MAGDALENA,25612
CUNDINAMARCA,ALTO MAGDALENA,25815
CUNDINAMARCA,BAJO MAGDALENA,25148
CUNDINAMARCA,BAJO MAGDALENA,25320
CUNDINAMARCA,BAJO MAGDALENA,25572
CUNDINAMARCA,GUALIVA,25019
CUNDINAMARCA,GUALIVA,25398
CUNDINAMARCA,GUALIVA,25402
CUNDINAMARCA,GUALIVA,25489
CUNDINAMARCA,GUALIVA,25491
CUNDINAMARCA,GUALIVA,25592
CUNDINAMARCA,GUALIVA,25658
CUNDINAMARCA,GUALIVA,25718
CUNDINAMARCA,GUALIVA,25777
CUNDINAMARCA,GUALIVA,25851
CUNDINAMARCA,GUALIVA,25862
CUNDINAMARCA,GUALIVA,25875
CUNDINAMARCA,GUAVIO,25293
CUNDINAMARCA,GUAVIO,25297
CUNDINAMARCA,GUAVIO,25299
CUNDINAMARCA,GUAVIO,25322
CUNDINAMARCA,GUAVIO,25326
CUNDINAMARCA,GUAVIO,25372
CUNDINAMARCA,GUAVIO,25377
CUNDINAMARCA,GUAVIO,25839
CUNDINAMARCA,MAGDALENA CENTRO,25086
CUNDINAMARCA,MAGDALENA CENTRO,25095
CUNDINAMARCA,MAGDALENA CENTRO,25168
CUNDINAMARCA,MAGDALENA CENTRO,25328
CUNDINAMARCA,MAGDALENA CENTRO,25580
CUNDINAMARCA,MAGDALENA CENTRO,25662
CUNDINAMARCA,MAGDALENA CENTRO,25867
CUNDINAMARCA,MEDINA,25438
CUNDINAMARCA,MEDINA,25530
CUNDINAMARCA,ORIENTE,25151
CUNDINAMARCA,ORIENTE,25178
CUNDINAMARCA,ORIENTE,25181
CUNDINAMARCA,ORIENTE,25279
CUNDINAMARCA,ORIENTE,25281
CUNDINAMARCA,ORIENTE,25335
CUNDINAMARCA,ORIENTE,25339
CUNDINAMARCA,ORIENTE,25594
CUNDINAMARCA,ORIENTE,25841
CUNDINAMARCA,ORIENTE,25845
CUNDINAMARCA,RIO NEGRO,25258
CUNDINAMARCA,RIO NEGRO,25394
CUNDINAMARCA,RIO NEGRO,25513
CUNDINAMARCA,RIO NEGRO,25518
CUNDINAMARCA,RIO NEGRO,25653
CUNDINAMARCA,RIO NEGRO,25823
CUNDINAMARCA,RIO NEGRO,25871
CUNDINAMARCA,RIO NEGRO,25885
CUNDINAMARCA,SABANA CENTRO,25126
CUNDINAMARCA,SABANA CENTRO,25175
CUNDINAMARCA,SABANA CENTRO,25200
CUNDINAMARCA,SABANA CENTRO,25295
CUNDINAMARCA,SABANA CENTRO,25486
CUNDINAMARCA,SABANA CENTRO,25758
CUNDINAMARCA,SABANA CENTRO,25785
CUNDINAMARCA,SABANA CENTRO,25817
CUNDINAMARCA,SABANA CENTRO,25899
CUNDINAMARCA,SABANA OCCIDENTE,25099
CUNDINAMARCA,SABANA OCCIDENTE,25214
CUNDINAMARCA,SABANA OCCIDENTE,25260
CUNDINAMARCA,SABANA OCCIDENTE,25269
CUNDINAMARCA,SABANA OCCIDENTE,25286
CUNDINAMARCA,SABANA OCCIDENTE,25430
CUNDINAMARCA,SABANA OCCIDENTE,25473
CUNDINAMARCA,SABANA OCCIDENTE,25769
CUNDINAMARCA,SABANA OCCIDENTE,25799
CUNDINAMARCA,SABANA OCCIDENTE,25898
CUNDINAMARCA,SOACHA,25740
CUNDINAMARCA,SOACHA,25754
CUNDINAMARCA,SUMAPAZ,25053
CUNDINAMARCA,SUMAPAZ,25120
CUNDINAMARCA,SUMAPAZ,25290
CUNDINAMARCA,SUMAPAZ,25312
CUNDINAMARCA,SUMAPAZ,25524
CUNDINAMARCA,SUMAPAZ,25535
CUNDINAMARCA,SUMAPAZ,25649
CUNDINAMARCA,SUMAPAZ,25743
CUNDINAMARCA,SUMAPAZ,25805
CUNDINAMARCA,SUMAPAZ,25506
CUNDINAMARCA,TEQUENDAMA,25035
CUNDINAMARCA,TEQUENDAMA,25040
CUNDINAMARCA,TEQUENDAMA,25599
CUNDINAMARCA,TEQUENDAMA,25123
CUNDINAMARCA,TEQUENDAMA,25245
CUNDINAMARCA,TEQUENDAMA,25386
CUNDINAMARCA,TEQUENDAMA,25596
CUNDINAMARCA,TEQUENDAMA,25645
CUNDINAMARCA,TEQUENDAMA,25797
CUNDINAMARCA,TEQUENDAMA,25878
CUNDINAMARCA,UBATE,25154
CUNDINAMARCA,UBATE,25224
CUNDINAMARCA,UBATE,25288
CUNDINAMARCA,UBATE,25317
CUNDINAMARCA,UBATE,25407
CUNDINAMARCA,UBATE,25745
CUNDINAMARCA,UBATE,25779
CUNDINAMARCA,UBATE,25781
CUNDINAMARCA,UBATE,25793
CUNDINAMARCA,UBATE,25843
GUAINIA,GUAINIA,94343
GUAINIA,GUAINIA,94886
GUAINIA,GUAINIA,94001
GUAINIA,GUAINIA,94885
GUAINIA,GUAINIA,94663
GUAINIA,GUAINIA,94888
GUAINIA,GUAINIA,94887
GUAINIA,GUAINIA,94884
GUAINIA,GUAINIA,94883
GUAVIARE,GUAVIARE,95015
GUAVIARE,GUAVIARE,95025
GUAVIARE,GUAVIARE,95200
GUAVIARE,GUAVIARE,95001
HUILA,CENTRO,41013
HUILA,CENTRO,41026
HUILA,CENTRO,41298
HUILA,CENTRO,41306
HUILA,CENTRO,41319
HUILA,CENTRO,41548
HUILA,CENTRO,41770
HUILA,CENTRO,41791
HUILA,NORTE,41016
HUILA,NORTE,41020
HUILA,NORTE,41078
HUILA,NORTE,41132
HUILA,NORTE,41206
HUILA,NORTE,41349
HUILA,NORTE,41357
HUILA,NORTE,41001
HUILA,NORTE,41524
HUILA,NORTE,41615
HUILA,NORTE,41676
HUILA,NORTE,41799
HUILA,NORTE,41801
HUILA,NORTE,41872
HUILA,NORTE,41885
HUILA,OCCIDENTE,41378
HUILA,OCCIDENTE,41396
HUILA,OCCIDENTE,41483
HUILA,OCCIDENTE,41518
HUILA,OCCIDENTE,41797
HUILA,SUR,41006
HUILA,SUR,41244
HUILA,SUR,41359
HUILA,SUR,41503
HUILA,SUR,41530
HUILA,SUR,41551
HUILA,SUR,41660
HUILA,SUR,41668
HUILA,SUR,41807
LA GUAJIRA,NORTE,44035
LA GUAJIRA,NORTE,44090
LA GUAJIRA,NORTE,44430
LA GUAJIRA,NORTE,44560
LA GUAJIRA,NORTE,44001
LA GUAJIRA,NORTE,44847
LA GUAJIRA,SUR,44078
LA GUAJIRA,SUR,44098
LA GUAJIRA,SUR,44110
LA GUAJIRA,SUR,44279
LA GUAJIRA,SUR,44378
LA GUAJIRA,SUR,44420
LA GUAJIRA,SUR,44650
LA GUAJIRA,SUR,44855
LA GUAJIRA,SUR,44874
MAGDALENA,CENTRO,47058
MAGDALENA,CENTRO,47170
MAGDALENA,CENTRO,47460
MAGDALENA,CENTRO,47555
MAGDALENA,CENTRO,47660
MAGDALENA,CENTRO,47798
MAGDALENA,NORTE,47030
MAGDALENA,NORTE,47053
MAGDALENA,NORTE,47189
MAGDALENA,NORTE,47268
MAGDALENA,NORTE,47288
MAGDALENA,NORTE,47570
MAGDALENA,NORTE,47980
MAGDALENA,RIO,47161
MAGDALENA,RIO,47205
MAGDALENA,RIO,47258
MAGDALENA,RIO,47541
MAGDALENA,RIO,47551
MAGDALENA,RIO,47605
MAGDALENA,RIO,47675
MAGDALENA,RIO,47745
MAGDALENA,RIO,47960
MAGDALENA,SANTA MARTA,47001
MAGDALENA,SUR,47245
MAGDALENA,SUR,47318
MAGDALENA,SUR,47545
MAGDALENA,SUR,47692
MAGDALENA,SUR,47703
MAGDALENA,SUR,47707
MAGDALENA,SUR,47720
META,ARIARI,50251
META,ARIARI,50270
META,ARIARI,50287
META,ARIARI,50313
META,ARIARI,50350
META,ARIARI,50370
META,ARIARI,50400
META,ARIARI,50325
META,ARIARI,50330
META,ARIARI,50450
META,ARIARI,50577
META,ARIARI,50590
META,ARIARI,50683
META,ARIARI,50711
META,CAPITAL,50001
META,PIEDEMONTE,50006
META,PIEDEMONTE,50110
META,PIEDEMONTE,50150
META,PIEDEMONTE,50226
META,PIEDEMONTE,50245
META,PIEDEMONTE,50318
META,PIEDEMONTE,50606
META,PIEDEMONTE,50680
META,PIEDEMONTE,50686
META,PIEDEMONTE,50223
META,PIEDEMONTE,50689
META,RIO META,50124
META,RIO META,50568
META,RIO META,50573
NARIÑO,CENTRO,52240
NARIÑO,CENTRO,52207
NARIÑO,CENTRO,52254
NARIÑO,CENTRO,52260
NARIÑO,CENTRO,52381
NARIÑO,CENTRO,52480
NARIÑO,CENTRO,52001
NARIÑO,CENTRO,52683
NARIÑO,CENTRO,52788
NARIÑO,CENTRO,52885
NARIÑO,CENTRO OCCIDENTE,52036
NARIÑO,CENTRO OCCIDENTE,52320
NARIÑO,CENTRO OCCIDENTE,52385
NARIÑO,CENTRO OCCIDENTE,52411
NARIÑO,CENTRO OCCIDENTE,52418
NARIÑO,CENTRO OCCIDENTE,52435
NARIÑO,CENTRO OCCIDENTE,52506
NARIÑO,CENTRO OCCIDENTE,52565
NARIÑO,CENTRO OCCIDENTE,52612
NARIÑO,CENTRO OCCIDENTE,52678
NARIÑO,CENTRO OCCIDENTE,52699
NARIÑO,CENTRO OCCIDENTE,52720
NARIÑO,CENTRO OCCIDENTE,52838
NARIÑO,COSTA,52079
NARIÑO,COSTA,52250
NARIÑO,COSTA,52520
NARIÑO,COSTA,52390
NARIÑO,COSTA,52427
NARIÑO,COSTA,52473
NARIÑO,COSTA,52490
NARIÑO,COSTA,52621
NARIÑO,COSTA,52696
NARIÑO,COSTA,52835
NARIÑO,NORTE,52019
NARIÑO,NORTE,52051
NARIÑO,NORTE,52083
NARIÑO,NORTE,52110
NARIÑO,NORTE,52203
NARIÑO,NORTE,52233
NARIÑO,NORTE,52256
NARIÑO,NORTE,52258
NARIÑO,NORTE,52378
NARIÑO,NORTE,52399
NARIÑO,NORTE,52405
NARIÑO,NORTE,52540
NARIÑO,NORTE,52685
NARIÑO,NORTE,52687
NARIÑO,NORTE,52693
NARIÑO,NORTE,52694
NARIÑO,NORTE,52786
NARIÑO,SUR,52022
NARIÑO,SUR,52210
NARIÑO,SUR,52215
NARIÑO,SUR,52224
NARIÑO,SUR,52227
NARIÑO,SUR,52287
NARIÑO,SUR,52317
NARIÑO,SUR,52323
NARIÑO,SUR,52352
NARIÑO,SUR,52354
NARIÑO,SUR,52356
NARIÑO,SUR,52560
NARIÑO,SUR,52573
NARIÑO,SUR,52585
NORTE DE SANTAND,CENTRO,54051
NORTE DE SANTAND,CENTRO,54223
NORTE DE SANTAND,CENTRO,54313
NORTE DE SANTAND,CENTRO,54418
NORTE DE SANTAND,CENTRO,54660
NORTE DE SANTAND,CENTRO,54680
NORTE DE SANTAND,CENTRO,54871
NORTE DE SANTAND,NORTE,54109
NORTE DE SANTAND,NORTE,54250
NORTE DE SANTAND,NORTE,54720
NORTE DE SANTAND,NORTE,54810
NORTE DE SANTAND,OCCIDENTE,54003
NORTE DE SANTAND,OCCIDENTE,54128
NORTE DE SANTAND,OCCIDENTE,54206
NORTE DE SANTAND,OCCIDENTE,54245
NORTE DE SANTAND,OCCIDENTE,54344
NORTE DE SANTAND,OCCIDENTE,54385
NORTE DE SANTAND,OCCIDENTE,54398
NORTE DE SANTAND,OCCIDENTE,54498
NORTE DE SANTAND,OCCIDENTE,54670
NORTE DE SANTAND,OCCIDENTE,54800
NORTE DE SANTAND,ORIENTAL,54001
NORTE DE SANTAND,ORIENTAL,54261
NORTE DE SANTAND,ORIENTAL,54405
NORTE DE SANTAND,ORIENTAL,54553
NORTE DE SANTAND,ORIENTAL,54673
NORTE DE SANTAND,ORIENTAL,54874
NORTE DE SANTAND,SUR OCCIDENTE,54125
NORTE DE SANTAND,SUR OCCIDENTE,54174
NORTE DE SANTAND,SUR OCCIDENTE,54480
NORTE DE SANTAND,SUR OCCIDENTE,54518
NORTE DE SANTAND,SUR OCCIDENTE,54520
NORTE DE SANTAND,SUR OCCIDENTE,54743
NORTE DE SANTAND,SUR ORIENTE,54099
NORTE DE SANTAND,SUR ORIENTE,54172
NORTE DE SANTAND,SUR ORIENTE,54239
NORTE DE SANTAND,SUR ORIENTE,54347
NORTE DE SANTAND,SUR ORIENTE,54377
NORTE DE SANTAND,SUR ORIENTE,54599
NORTE DE SANTAND,SUR ORIENTE,54820
PUTUMAYO,PUTUMAYO,86219
PUTUMAYO,PUTUMAYO,86001
PUTUMAYO,PUTUMAYO,86320
PUTUMAYO,PUTUMAYO,86568
PUTUMAYO,PUTUMAYO,86569
PUTUMAYO,PUTUMAYO,86571
PUTUMAYO,PUTUMAYO,86573
PUTUMAYO,PUTUMAYO,86755
PUTUMAYO,PUTUMAYO,86757
PUTUMAYO,PUTUMAYO,86760
PUTUMAYO,PUTUMAYO,86749
PUTUMAYO,PUTUMAYO,86865
PUTUMAYO,PUTUMAYO,86885
QUINDIO,CAPITAL,63001
QUINDIO,CAPITAL,63111
QUINDIO,CAPITAL,63130
QUINDIO,CORDILLERANOS,63212
QUINDIO,CORDILLERANOS,63302
QUINDIO,CORDILLERANOS,63548
QUINDIO,FRIA,63272
QUINDIO,FRIA,63690
QUINDIO,NORTE,63190
QUINDIO,VALLE,63401
QUINDIO,VALLE,63470
QUINDIO,VALLE,63594
RISARALDA,UNO - VERTIENTE ORIENTAL,66170
RISARALDA,UNO - VERTIENTE ORIENTAL,66400
RISARALDA,UNO - VERTIENTE ORIENTAL,66440
RISARALDA,UNO - VERTIENTE ORIENTAL,66001
RISARALDA,UNO - VERTIENTE ORIENTAL,66682
RISARALDA,DOS - VERTIENTE OCCIDENTAL,66045
RISARALDA,DOS - VERTIENTE OCCIDENTAL,66075
RISARALDA,DOS - VERTIENTE OCCIDENTAL,66088
RISARALDA,DOS - VERTIENTE OCCIDENTAL,66318
RISARALDA,DOS - VERTIENTE OCCIDENTAL,66383
RISARALDA,DOS - VERTIENTE OCCIDENTAL,66594
RISARALDA,DOS - VERTIENTE OCCIDENTAL,66687
RISARALDA,TRES - VERTIENTE DEL PACIFICO,66456
RISARALDA,TRES - VERTIENTE DEL PACIFICO,66572
SANTANDER,COMUNERA,68176
SANTANDER,COMUNERA,68209
SANTANDER,COMUNERA,68211
SANTANDER,COMUNERA,68245
SANTANDER,COMUNERA,68296
SANTANDER,COMUNERA,68298
SANTANDER,COMUNERA,68320
SANTANDER,COMUNERA,68322
SANTANDER,COMUNERA,68344
SANTANDER,COMUNERA,68500
SANTANDER,COMUNERA,68522
SANTANDER,COMUNERA,68524
SANTANDER,COMUNERA,68720
SANTANDER,COMUNERA,68745
SANTANDER,COMUNERA,68755
SANTANDER,COMUNERA,68770
SANTANDER,GARCIA ROVIRA,68147
SANTANDER,GARCIA ROVIRA,68152
SANTANDER,GARCIA ROVIRA,68160
SANTANDER,GARCIA ROVIRA,68162
SANTANDER,GARCIA ROVIRA,68207
SANTANDER,GARCIA ROVIRA,68266
SANTANDER,GARCIA ROVIRA,68318
SANTANDER,GARCIA ROVIRA,68425
SANTANDER,GARCIA ROVIRA,68432
SANTANDER,GARCIA ROVIRA,68468
SANTANDER,GARCIA ROVIRA,68669
SANTANDER,GARCIA ROVIRA,68684
SANTANDER,GARCIA ROVIRA,68686
SANTANDER,GUANENTA,68051
SANTANDER,GUANENTA,68079
SANTANDER,GUANENTA,68121
SANTANDER,GUANENTA,68167
SANTANDER,GUANENTA,68217
SANTANDER,GUANENTA,68229
SANTANDER,GUANENTA,68264
SANTANDER,GUANENTA,68370
SANTANDER,GUANENTA,68464
SANTANDER,GUANENTA,68498
SANTANDER,GUANENTA,68502
SANTANDER,GUANENTA,68533
SANTANDER,GUANENTA,68549
SANTANDER,GUANENTA,68679
SANTANDER,GUANENTA,68682
SANTANDER,GUANENTA,68855
SANTANDER,GUANENTA,68872
SANTANDER,MARES,68081
SANTANDER,MARES,68092
SANTANDER,MARES,68235
SANTANDER,MARES,68575
SANTANDER,MARES,68655
SANTANDER,MARES,68689
SANTANDER,MARES,68895
SANTANDER,SOTO,68001
SANTANDER,SOTO,68132
SANTANDER,SOTO,68169
SANTANDER,SOTO,68255
SANTANDER,SOTO,68276
SANTANDER,SOTO,68307
SANTANDER,SOTO,68406
SANTANDER,SOTO,68418
SANTANDER,SOTO,68444
SANTANDER,SOTO,68547
SANTANDER,SOTO,68615
SANTANDER,SOTO,68705
SANTANDER,SOTO,68780
SANTANDER,SOTO,68820
SANTANDER,SOTO,68867
SANTANDER,VELEZ,68013
SANTANDER,VELEZ,68020
SANTANDER,VELEZ,68077
SANTANDER,VELEZ,68101
SANTANDER,VELEZ,68179
SANTANDER,VELEZ,68190
SANTANDER,VELEZ,68250
SANTANDER,VELEZ,68271
SANTANDER,VELEZ,68324
SANTANDER,VELEZ,68327
SANTANDER,VELEZ,68368
SANTANDER,VELEZ,68377
SANTANDER,VELEZ,68397
SANTANDER,VELEZ,68385
SANTANDER,VELEZ,68572
SANTANDER,VELEZ,68573
SANTANDER,VELEZ,68673
SANTANDER,VELEZ,68773
SANTANDER,VELEZ,68861
SUCRE,MOJANA,70265
SUCRE,MOJANA,70429
SUCRE,MOJANA,70771
SUCRE,MONTES DE MARIA,70230
SUCRE,MONTES DE MARIA,70204
SUCRE,MONTES DE MARIA,70473
SUCRE,MONTES DE MARIA,70508
SUCRE,MONTES DE MARIA,70001
SUCRE,MORROSQUILLO,70221
SUCRE,MORROSQUILLO,70523
SUCRE,MORROSQUILLO,70713
SUCRE,MORROSQUILLO,70820
SUCRE,MORROSQUILLO,70823
SUCRE,SABANAS,70110
SUCRE,SABANAS,70215
SUCRE,SABANAS,70233
SUCRE,SABANAS,70235
SUCRE,SABANAS,70418
SUCRE,SABANAS,70670
SUCRE,SABANAS,70702
SUCRE,SABANAS,70717
SUCRE,SABANAS,70742
SUCRE,SAN JORGE,70124
SUCRE,SAN JORGE,70400
SUCRE,SAN JORGE,70678
SUCRE,SAN JORGE,70708
TOLIMA,NORTE,73030
TOLIMA,NORTE,73055
TOLIMA,NORTE,73270
TOLIMA,NORTE,73283
TOLIMA,NORTE,73349
TOLIMA,NORTE,73443
TOLIMA,NORTE,73520
TOLIMA,ORIENTE,73148
TOLIMA,ORIENTE,73226
TOLIMA,ORIENTE,73352
TOLIMA,ORIENTE,73449
TOLIMA,ORIENTE,73873
TOLIMA,SUR,73067
TOLIMA,SUR,73168
TOLIMA,SUR,73217
TOLIMA,SUR,73483
TOLIMA,SUR,73504
TOLIMA,SUR,73555
TOLIMA,SUR,73616
TOLIMA,SUR,73622
TOLIMA,SUR,73675
TOLIMA,IBAGUE,73026
TOLIMA,IBAGUE,73043
TOLIMA,IBAGUE,73124
TOLIMA,IBAGUE,73200
TOLIMA,IBAGUE,73268
TOLIMA,IBAGUE,73275
TOLIMA,IBAGUE,73001
TOLIMA,IBAGUE,73547
TOLIMA,IBAGUE,73624
TOLIMA,IBAGUE,73678
TOLIMA,IBAGUE,73854
TOLIMA,SURORIENTE,73024
TOLIMA,SURORIENTE,73236
TOLIMA,SURORIENTE,73319
TOLIMA,SURORIENTE,73563
TOLIMA,SURORIENTE,73585
TOLIMA,SURORIENTE,73671
TOLIMA,SURORIENTE,73770
TOLIMA,NEVADOS,73152
TOLIMA,NEVADOS,73347
TOLIMA,NEVADOS,73408
TOLIMA,NEVADOS,73411
TOLIMA,NEVADOS,73461
TOLIMA,NEVADOS,73686
TOLIMA,NEVADOS,73861
TOLIMA,NEVADOS,73870
VALLE DEL CAUCA,CENTRO,76036
VALLE DEL CAUCA,CENTRO,76111
VALLE DEL CAUCA,CENTRO,76113
VALLE DEL CAUCA,CENTRO,76126
VALLE DEL CAUCA,CENTRO,76248
VALLE DEL CAUCA,CENTRO,76306
VALLE DEL CAUCA,CENTRO,76318
VALLE DEL CAUCA,CENTRO,76606
VALLE DEL CAUCA,CENTRO,76616
VALLE DEL CAUCA,CENTRO,76670
VALLE DEL CAUCA,CENTRO,76828
VALLE DEL CAUCA,CENTRO,76834
VALLE DEL CAUCA,CENTRO,76890
VALLE DEL CAUCA,NORTE,76020
VALLE DEL CAUCA,NORTE,76041
VALLE DEL CAUCA,NORTE,76054
VALLE DEL CAUCA,NORTE,76100
VALLE DEL CAUCA,NORTE,76147
VALLE DEL CAUCA,NORTE,76243
VALLE DEL CAUCA,NORTE,76246
VALLE DEL CAUCA,NORTE,76250
VALLE DEL CAUCA,NORTE,76400
VALLE DEL CAUCA,NORTE,76403
VALLE DEL CAUCA,NORTE,76497
VALLE DEL CAUCA,NORTE,76622
VALLE DEL CAUCA,NORTE,76823
VALLE DEL CAUCA,NORTE,76845
VALLE DEL CAUCA,NORTE,76863
VALLE DEL CAUCA,NORTE,76895
VALLE DEL CAUCA,OCCIDENTE,76109
VALLE DEL CAUCA,ORIENTE,76122
VALLE DEL CAUCA,ORIENTE,76736
VALLE DEL CAUCA,SUR,76001
VALLE DEL CAUCA,SUR,76130
VALLE DEL CAUCA,SUR,76233
VALLE DEL CAUCA,SUR,76275
VALLE DEL CAUCA,SUR,76364
VALLE DEL CAUCA,SUR,76377
VALLE DEL CAUCA,SUR,76520
VALLE DEL CAUCA,SUR,76563
VALLE DEL CAUCA,SUR,76869
VALLE DEL CAUCA,SUR,76892
VAUPES,VAUPES,97161
VAUPES,VAUPES,97001
VAUPES,VAUPES,97511
VAUPES,VAUPES,97777
VAUPES,VAUPES,97666
VAUPES,VAUPES,97889
VICHADA,VICHADA,99773
VICHADA,VICHADA,99524
VICHADA,VICHADA,99001
VICHADA,VICHADA,99624
